<?xml version="1.0" encoding="utf-8"?>
<Window size="800,572" sizebox="4,4,6,6" caption="0,0,0,90" mininfo="800,570">
  <Font name="宋体" size="13" bold="true" />
  <Font name="宋体" size="12" bold="true" />
  <Font name="宋体" size="12" />
  <Font name="宋体" size="14" bold="true" />
  <Font name="宋体" size="22" bold="true" italic="true"/>
  <Default name="VScrollBar" value="button1normalimage=&quot;file='360SafeSkin\scrollbar.bmp' source='0,90,16,106' mask='#FFFF00FF'&quot; button1hotimage=&quot;file='360SafeSkin\scrollbar.bmp' source='18,90,34,106' mask='#FFFF00FF'&quot; button1pushedimage=&quot;file='360SafeSkin\scrollbar.bmp' source='36,90,52,106' mask='#FFFF00FF'&quot; button1disabledimage=&quot;file='360SafeSkin\scrollbar.bmp' source='54,90,70,106' mask='#FFFF00FF'&quot; button2normalimage=&quot;file='360SafeSkin\scrollbar.bmp' source='0,108,16,124' mask='#FFFF00FF'&quot; button2hotimage=&quot;file='360SafeSkin\scrollbar.bmp' source='18,108,34,124' mask='#FFFF00FF'&quot; button2pushedimage=&quot;file='360SafeSkin\scrollbar.bmp' source='36,108,52,124' mask='#FFFF00FF'&quot; button2disabledimage=&quot;file='360SafeSkin\scrollbar.bmp' source='54,108,70,124' mask='#FFFF00FF'&quot; thumbnormalimage=&quot;file='360SafeSkin\scrollbar.bmp' source='0,126,16,142' corner='2,2,2,2' mask='#FFFF00FF'&quot; thumbhotimage=&quot;file='360SafeSkin\scrollbar.bmp' source='18,126,34,142' corner='2,2,2,2' mask='#FFFF00FF'&quot; thumbpushedimage=&quot;file='360SafeSkin\scrollbar.bmp' source='36,126,52,142' corner='2,2,2,2' mask='#FFFF00FF'&quot; thumbdisabledimage=&quot;file='360SafeSkin\scrollbar.bmp' source='54,126,70,142' corner='2,2,2,2' mask='#FFFF00FF'&quot; railnormalimage=&quot;file='360SafeSkin\scrollbar.bmp' source='0,144,16,160' corner='2,2,2,2' mask='#FFFF00FF'&quot; railhotimage=&quot;file='360SafeSkin\scrollbar.bmp' source='18,144,34,160' corner='2,2,2,2' mask='#FFFF00FF'&quot; railpushedimage=&quot;file='360SafeSkin\scrollbar.bmp' source='36,144,52,160' corner='2,2,2,2' mask='#FFFF00FF'&quot; raildisabledimage=&quot;file='360SafeSkin\scrollbar.bmp' source='54,144,70,160' corner='2,2,2,2' mask='#FFFF00FF'&quot; bknormalimage=&quot;file='360SafeSkin\scrollbar.bmp' source='0,162,16,178' corner='2,2,2,2' mask='#FFFF00FF'&quot; bkhotimage=&quot;file='360SafeSkin\scrollbar.bmp' source='18,162,34,178' corner='2,2,2,2' mask='#FFFF00FF'&quot; bkpushedimage=&quot;file='360SafeSkin\scrollbar.bmp' source='36,162,52,178' corner='2,2,2,2' mask='#FFFF00FF'&quot; bkdisabledimage=&quot;file='360SafeSkin\scrollbar.bmp' source='54,162,70,178' corner='2,2,2,2' mask='#FFFF00FF'&quot; " />
  <Default name="HScrollBar" value="button1normalimage=&quot;file='360SafeSkin\scrollbar.bmp' source='0,0,16,16' mask='#FFFF00FF'&quot; button1hotimage=&quot;file='360SafeSkin\scrollbar.bmp' source='18,0,34,16' mask='#FFFF00FF'&quot; button1pushedimage=&quot;file='360SafeSkin\scrollbar.bmp' source='36,0,52,16' mask='#FFFF00FF'&quot; button1disabledimage=&quot;file='360SafeSkin\scrollbar.bmp' source='54,0,70,16' mask='#FFFF00FF'&quot; button2normalimage=&quot;file='360SafeSkin\scrollbar.bmp' source='0,18,16,34' mask='#FFFF00FF'&quot; button2hotimage=&quot;file='360SafeSkin\scrollbar.bmp' source='18,18,34,34' mask='#FFFF00FF'&quot; button2pushedimage=&quot;file='360SafeSkin\scrollbar.bmp' source='36,18,52,34' mask='#FFFF00FF'&quot; button2disabledimage=&quot;file='360SafeSkin\scrollbar.bmp' source='54,18,70,34' mask='#FFFF00FF'&quot; thumbnormalimage=&quot;file='360SafeSkin\scrollbar.bmp' source='0,36,16,52' corner='2,2,2,2' mask='#FFFF00FF'&quot; thumbhotimage=&quot;file='360SafeSkin\scrollbar.bmp' source='18,36,34,52' corner='2,2,2,2' mask='#FFFF00FF'&quot; thumbpushedimage=&quot;file='360SafeSkin\scrollbar.bmp' source='36,36,52,52' corner='2,2,2,2' mask='#FFFF00FF'&quot; thumbdisabledimage=&quot;file='360SafeSkin\scrollbar.bmp' source='54,36,70,52' corner='2,2,2,2' mask='#FFFF00FF'&quot; railnormalimage=&quot;file='360SafeSkin\scrollbar.bmp' source='0,54,16,70' corner='2,2,2,2' mask='#FFFF00FF'&quot; railhotimage=&quot;file='360SafeSkin\scrollbar.bmp' source='18,54,34,70' corner='2,2,2,2' mask='#FFFF00FF'&quot; railpushedimage=&quot;file='360SafeSkin\scrollbar.bmp' source='36,54,52,70' corner='2,2,2,2' mask='#FFFF00FF'&quot; raildisabledimage=&quot;file='360SafeSkin\scrollbar.bmp' source='54,54,70,70' corner='2,2,2,2' mask='#FFFF00FF'&quot; bknormalimage=&quot;file='360SafeSkin\scrollbar.bmp' source='0,72,16,88' corner='2,2,2,2' mask='#FFFF00FF'&quot; bkhotimage=&quot;file='360SafeSkin\scrollbar.bmp' source='18,72,34,88' corner='2,2,2,2' mask='#FFFF00FF'&quot; bkpushedimage=&quot;file='360SafeSkin\scrollbar.bmp' source='36,72,52,88' corner='2,2,2,2' mask='#FFFF00FF'&quot; bkdisabledimage=&quot;file='360SafeSkin\scrollbar.bmp' source='54,72,70,88' corner='2,2,2,2' mask='#FFFF00FF'&quot; " />
  <VerticalLayout bkcolor="#FFD1E8F5" bkcolor2="#FFC6E0F1" bordercolor="#FF768D9B" bordersize="1" >
    <HorizontalLayout height="24">
      <HorizontalLayout>
        <Container width="22" height="22" bkimage="file='360SafeSkin\icon.png' source='0,0,16,16' dest='5,4,21,20' " />
        <Text text="360安全卫士7.3" pos="22, 5, 200, 24" float="true" textcolor="#FF447AA1" font="0" />
      </HorizontalLayout>
      <HorizontalLayout width="188" inset="0,1,0,0">
        <Button text="{u}{a}求助{/a}{/u}" showhtml="true"/>
        <Button text="{u}{a}论坛{/a}{/u}" showhtml="true"/>
        <Button name="menubtn" maxwidth="26" maxheight="17" normalimage="file='360SafeSkin\sys_dlg_menu.png' source='52,0,78,17'" hotimage="file='360SafeSkin\sys_dlg_menu.png' source='26,0,52,17'" pushedimage="file='360SafeSkin\sys_dlg_menu.png' source='0,0,26,17'"/>
        <Button name="minbtn" maxwidth="26" maxheight="17" normalimage="file='360SafeSkin\sys_dlg_min.png' source='52,0,78,17'" hotimage="file='360SafeSkin\sys_dlg_min.png' source='26,0,52,17'" pushedimage="file='360SafeSkin\sys_dlg_min.png' source='0,0,26,17'"/>
        <Button name="maxbtn" maxwidth="26" maxheight="17" normalimage="file='360SafeSkin\sys_dlg_max.png' source='52,0,78,17'" hotimage="file='360SafeSkin\sys_dlg_max.png' source='26,0,52,18'" pushedimage="file='360SafeSkin\sys_dlg_max.png' source='0,0,26,17'"/>
        <Button name="restorebtn" visible="false" maxwidth="26" maxheight="17" normalimage="file='360SafeSkin\sys_dlg_restore.png' source='52,0,78,17'" hotimage="file='360SafeSkin\sys_dlg_restore.png' source='26,0,52,17'" pushedimage="file='360SafeSkin\sys_dlg_restore.png' source='0,0,26,17'" />
        <Button name="closebtn" maxwidth="45" maxheight="17" normalimage="file='360SafeSkin\sys_dlg_close.png' source='90,0,135,17'" hotimage="file='360SafeSkin\sys_dlg_close.png' source='45,0,90,17'" pushedimage="file='360SafeSkin\sys_dlg_close.png' source='0,0,45,17'"/>
      </HorizontalLayout>
    </HorizontalLayout>
    <HorizontalLayout height="67">
      <HorizontalLayout inset="8,5,0,0">
        <Option pos="10, 0, 75, 62" float="true" align="bottom" name="common" text="常用" textcolor="#FF386382" font="1" textpadding="0,0,0,2" foreimage="file='360SafeSkin\commmon.png' dest='10,5,50,45'" normalimage="360SafeSkin\toolbar_normal.png" hotimage="360SafeSkin\toolbar_hover.png" pushedimage="360SafeSkin\toolbar_pushed.png" selectedimage="360SafeSkin\toolbar_pushed.png" selected="true" group="true"/>
        <Option pos="85, 0, 150, 62" float="true" align="bottom" text="木马防火墙" textcolor="#FF386382" font="1" textpadding="0,0,0,2" foreimage="file='360SafeSkin\firewall.png' dest='10,5,50,45'" normalimage="360SafeSkin\toolbar_normal.png" hotimage="360SafeSkin\toolbar_hover.png" pushedimage="360SafeSkin\toolbar_pushed.png" selectedimage="360SafeSkin\toolbar_pushed.png" group="true"/>
        <Option pos="160, 0, 225, 62" float="true" align="bottom" text="杀毒" textcolor="#FF386382" font="1" textpadding="0,0,0,2" foreimage="file='360SafeSkin\antivirus.png' dest='10,5,50,45'" normalimage="360SafeSkin\toolbar_normal.png" hotimage="360SafeSkin\toolbar_hover.png" pushedimage="360SafeSkin\toolbar_pushed.png" selectedimage="360SafeSkin\toolbar_pushed.png" group="true"/>
        <Option pos="235, 0, 300, 62" float="true" align="bottom" text="网盾" textcolor="#FF386382" font="1" textpadding="0,0,0,2" foreimage="file='360SafeSkin\networkshield.png' dest='10,5,50,45'" normalimage="360SafeSkin\toolbar_normal.png" hotimage="360SafeSkin\toolbar_hover.png" pushedimage="360SafeSkin\toolbar_pushed.png" selectedimage="360SafeSkin\toolbar_pushed.png" group="true"/>
        <Option pos="310, 0, 375, 62" float="true" align="bottom" text="防盗号" textcolor="#FF386382" font="1" textpadding="0,0,0,2" foreimage="file='360SafeSkin\preventnumber.png' dest='10,5,50,45'" normalimage="360SafeSkin\toolbar_normal.png" hotimage="360SafeSkin\toolbar_hover.png" pushedimage="360SafeSkin\toolbar_pushed.png" selectedimage="360SafeSkin\toolbar_pushed.png" group="true"/>
        <Option pos="385, 0, 450, 62" float="true" align="bottom" text="软件管家" textcolor="#FF386382" font="1" textpadding="0,0,0,2" foreimage="file='360SafeSkin\softwaremanager.png' dest='10,5,50,45'" normalimage="360SafeSkin\toolbar_normal.png" hotimage="360SafeSkin\toolbar_hover.png" pushedimage="360SafeSkin\toolbar_pushed.png" selectedimage="360SafeSkin\toolbar_pushed.png" group="true"/>
      </HorizontalLayout>
      <HorizontalLayout width="150" inset="0,5,1,0">
        <Button bkimage="file='360SafeSkin\logo.png'"/>
      </HorizontalLayout>
    </HorizontalLayout>
    <HorizontalLayout height="5">
      <Control width="1"/>
      <HorizontalLayout bkcolor="#FF97C0DA" bkcolor2="#FFB8DFF2"></HorizontalLayout>
      <Control width="1"/>
    </HorizontalLayout>
    <HorizontalLayout height="25">
      <Control width="1"/>
      <HorizontalLayout bkcolor="#FFB8DFF2">
        <Option pos="6, 0, 84, 25" float="true" text="电脑体检" name="examine" textcolor="#FF386382" selectedtextcolor="#FF000000" font="2" normalimage="360SafeSkin\tabbar_normal.png" hotimage="360SafeSkin\tabbar_hover.png" pushedimage="360SafeSkin\tabbar_pushed.png" selectedimage="360SafeSkin\tabbar_pushed.png" selected="true" group="true"/>
        <Option pos="86, 0, 164, 25" float="true" text="查杀木马" name="trojan" textcolor="#FF386382" selectedtextcolor="#FF000000" font="2" normalimage="360SafeSkin\tabbar_normal.png" hotimage="360SafeSkin\tabbar_hover.png" pushedimage="360SafeSkin\tabbar_pushed.png" selectedimage="360SafeSkin\tabbar_pushed.png" group="true"/>
        <Option pos="166, 0, 244, 25" float="true" text="清理插件" name="plugins" textcolor="#FF386382" selectedtextcolor="#FF000000" font="2" normalimage="360SafeSkin\tabbar_normal.png" hotimage="360SafeSkin\tabbar_hover.png" pushedimage="360SafeSkin\tabbar_pushed.png" selectedimage="360SafeSkin\tabbar_pushed.png" group="true"/>
        <Option pos="246, 0, 324, 25" float="true" text="修复漏洞" name="vulnerability" textcolor="#FF386382" selectedtextcolor="#FF000000" font="2" normalimage="360SafeSkin\tabbar_normal.png" hotimage="360SafeSkin\tabbar_hover.png" pushedimage="360SafeSkin\tabbar_pushed.png" selectedimage="360SafeSkin\tabbar_pushed.png" group="true"/>
        <Option pos="326, 0, 404, 25" float="true" text="清理垃圾" name="rubbish" textcolor="#FF386382" selectedtextcolor="#FF000000" font="2" normalimage="360SafeSkin\tabbar_normal.png" hotimage="360SafeSkin\tabbar_hover.png" pushedimage="360SafeSkin\tabbar_pushed.png" selectedimage="360SafeSkin\tabbar_pushed.png" group="true"/>
        <Option pos="406, 0, 484, 25" float="true" text="清理痕迹" name="cleanup" textcolor="#FF386382" selectedtextcolor="#FF000000" font="2" normalimage="360SafeSkin\tabbar_normal.png" hotimage="360SafeSkin\tabbar_hover.png" pushedimage="360SafeSkin\tabbar_pushed.png" selectedimage="360SafeSkin\tabbar_pushed.png" group="true"/>
        <Option pos="486, 0, 564, 25" float="true" text="系统修复" name="fix" textcolor="#FF386382" selectedtextcolor="#FF000000" font="2" normalimage="360SafeSkin\tabbar_normal.png" hotimage="360SafeSkin\tabbar_hover.png" pushedimage="360SafeSkin\tabbar_pushed.png" selectedimage="360SafeSkin\tabbar_pushed.png" group="true"/>
        <Option pos="566, 0, 644, 25" float="true" text="高级工具" name="tool" textcolor="#FF386382" selectedtextcolor="#FF000000" font="2" normalimage="360SafeSkin\tabbar_normal.png" hotimage="360SafeSkin\tabbar_hover.png" pushedimage="360SafeSkin\tabbar_pushed.png" selectedimage="360SafeSkin\tabbar_pushed.png" group="true"/>
      </HorizontalLayout>
      <Control width="1"/>
    </HorizontalLayout>
    <HorizontalLayout>
      <Control width="5"/>
      <HorizontalLayout bkcolor="#FFFFFFFF" bordercolor="#FF768D9B" bordersize="1">
        <TabLayout name="switch">
          <HorizontalLayout>
            <ComputerExamine />
          </HorizontalLayout>
          <HorizontalLayout>
            <Text text="查杀木马" pos="335, 180, 600, 300" relativepos="50,50,0,0"  float="true" font="4" />
          </HorizontalLayout>
          <HorizontalLayout>
            <Text text="清理插件" pos="335, 180, 600, 300" relativepos="50,50,0,0"  float="true" font="4" />
          </HorizontalLayout>
          <HorizontalLayout>
            <Text text="修复漏洞" pos="335, 180, 600, 300" relativepos="50,50,0,0"  float="true" font="4" />
          </HorizontalLayout>
          <HorizontalLayout>
            <Text text="清理垃圾" pos="335, 180, 600, 300" relativepos="50,50,0,0"  float="true" font="4" />
          </HorizontalLayout>
          <HorizontalLayout>
            <Text text="清理痕迹" pos="335, 180, 600, 300" relativepos="50,50,0,0"  float="true" font="4" />
          </HorizontalLayout>
          <HorizontalLayout>
            <Text text="系统修复" pos="335, 180, 600, 300" relativepos="50,50,0,0"  float="true" font="4" />
          </HorizontalLayout>
          <HorizontalLayout>
            <Text text="高级工具" pos="335, 180, 600, 300" relativepos="50,50,0,0"  float="true" font="4" />
          </HorizontalLayout>
        </TabLayout>
      </HorizontalLayout>
      <Control width="5"/>
    </HorizontalLayout>
    <HorizontalLayout height="24">
      <Text text="{c #386382}主程序版本：7.3.0.2001{/c}" pos="0, 5, 200, 24" float="true" showhtml="true"/>
      <Text text="{c #386382}备用木马库：2010-9-28{/c}" pos="155, 5, 400, 24" float="true" showhtml="true"/>
      <Button text="检查更新" textcolor="#FF337833" pos="305,5,360,18" float="true"/>
      <Control bkimage="360SafeSkin\cloud.png" pos="550,4,566,20" float="true"/>
      <Text text="{c #386382}已成功连接至360云安全中心{/c}" pos="570, 5, 800, 24" float="true" showhtml="true"/>
    </HorizontalLayout>
  </VerticalLayout>
</Window>